<application>
  <component name="Trusted.Paths">
    <option name="TRUSTED_PROJECT_PATHS">
      <map>
        <entry key="C:\Users\PurePX\AppData\Local\JetBrains\Aqua2024.2\demo\IdeaLearningProject" value="true" />
        <entry key="C:\Users\PurePX\AquaProjects\aapl" value="true" />
        <entry key="C:\Users\PurePX\AquaProjects\sell" value="true" />
        <entry key="C:\Users\PurePX\My Documents" value="true" />
      </map>
    </option>
  </component>
  <component name="Trusted.Paths.Settings">
    <option name="TRUSTED_PATHS">
      <list>
        <option value="C:\Users\PurePX" />
      </list>
    </option>
  </component>
</application>