<application>
  <component name="DimensionService">
    <size key="GridCell.Tab.0.left.0.0.2560.1080" width="2478" height="297" />
    <size key="GridCell.Tab.0.center.0.0.2560.1080" width="2478" height="297" />
    <size key="GridCell.Tab.0.right.0.0.2560.1080" width="2478" height="297" />
    <size key="GridCell.Tab.0.bottom.0.0.2560.1080" width="2478" height="297" />
    <size key="GridCell.Tab.1.left.0.0.2560.1080" width="836" height="391" />
    <size key="GridCell.Tab.1.center.0.0.2560.1080" width="836" height="391" />
    <size key="GridCell.Tab.1.right.0.0.2560.1080" width="836" height="391" />
    <size key="GridCell.Tab.1.bottom.0.0.2560.1080" width="836" height="391" />
    <size key="GridCell.Tab.0.left.0.0.1920.1080" width="1838" height="237" />
    <size key="GridCell.Tab.0.center.0.0.1920.1080" width="1838" height="237" />
    <size key="GridCell.Tab.0.right.0.0.1920.1080" width="1838" height="237" />
    <size key="GridCell.Tab.0.bottom.0.0.1920.1080" width="1838" height="237" />
  </component>
  <component name="WindowManager">
    <frame x="1022" y="0" width="1545" height="1039" />
  </component>
  <component name="WindowStateApplicationService">
    <state x="1007" y="131" key="#HTTP_Proxy" timestamp="1724788000537">
      <screen x="0" y="0" width="2560" height="1032" />
    </state>
    <state x="1007" y="131" key="#HTTP_Proxy/0.0.2560.1032" timestamp="1724788000537" />
    <state x="1060" y="199" key="FileChooserDialogImpl" timestamp="1724788371870">
      <screen x="0" y="0" width="2560" height="1032" />
    </state>
    <state x="1060" y="199" key="FileChooserDialogImpl/0.0.2560.1032" timestamp="1724788371870" />
    <state x="1280" y="452" width="800" height="650" key="WELCOME_SCREEN" timestamp="1725016559820">
      <screen x="0" y="0" width="2560" height="1032" />
    </state>
    <state x="1280" y="452" width="800" height="650" key="WELCOME_SCREEN/0.0.2560.1032" timestamp="1725016559820" />
    <state width="300" height="524" key="manage.recent.projects.popup" timestamp="1724788419242">
      <screen x="0" y="0" width="2560" height="1032" />
    </state>
    <state width="300" height="524" key="manage.recent.projects.popup/0.0.2560.1032" timestamp="1724788419242" />
  </component>
</application>